{"name":null,"assets":"aoy4:sizei7522y4:typey5:MUSICy2:idy27:assets%2Fsounds%2Fcrash.mp3y9:pathGroupaR4hgoR0i6686R1R2R3y26:assets%2Fsounds%2Fflap.mp3R5aR6hgoR0i5432R1R2R3y26:assets%2Fsounds%2Fpass.mp3R5aR7hgoy4:pathy34:assets%2Ftextures%2F2x%2Fatlas.pngR0i128802R1y5:IMAGER3R9goR8y34:assets%2Ftextures%2F2x%2Fatlas.xmlR0i2145R1y4:TEXTR3R11goR8y36:assets%2Ffonts%2F2x%2Fbradybunch.fntR0i13149R1R12R3R13goR8y36:assets%2Ffonts%2F2x%2Fbradybunch.pngR0i462059R1R10R3R14gh","rootPath":null,"version":2,"libraryArgs":[],"libraryType":null}